{
  "cacheBootResources": true,
  "config": [ ],
  "debugBuild": false,
  "entryAssembly": "PaginaToros.Client",
  "icuDataMode": 0,
  "linkerEnabled": true,
  "resources": {
    "assembly": {
      "Blazored.Modal.dll": "sha256-Sr30UiM7JErBe8hojY6HAgaOOgfQE5zHijI0uVypmkM=",
      "Blazored.SessionStorage.dll": "sha256-l3vyo6fcSWWhGiOMu5\/e4tQzZa7c+U1d1hHPGo74WFc=",
      "Blazored.Typeahead.dll": "sha256-0cq+AP7JH6JLYVm2dkmhZ4IIP65fMqy\/jFQ5mtrpkJY=",
      "CurrieTechnologies.Razor.SweetAlert2.dll": "sha256-ZtcnyZMjwbz1AT9+c1enyaTGZCWANbCxFnCqEcATz94=",
      "Feather.Blazor.dll": "sha256-LoYpNXNZGPiOg1EI2AebI793UrpJEGiBhWcZxCRqtXg=",
      "Microsoft.AspNetCore.Authentication.Abstractions.dll": "sha256-iw51tdKcETC5QqlJLWett1iPlLZgUrRdZfkV7EoaD4k=",
      "Microsoft.AspNetCore.Authentication.Core.dll": "sha256-NP2svkDxlIVJsMiWAmj552NCYo4j7YnOUr2+jkz5+pc=",
      "Microsoft.AspNetCore.Authentication.dll": "sha256-DFfNBJMZfGVkHC93DoJ07\/nLtUo9ZomWWrRGKVnRTII=",
      "Microsoft.AspNetCore.Authorization.dll": "sha256-uXLoDDsOOarcr8aUMBjBirztSgmX3FeCjMvwf0xFIfE=",
      "Microsoft.AspNetCore.Components.Authorization.dll": "sha256-s9oU5uJ4O8kvzkW+22IkSPAHRaVs2p0kaDUq6W\/iCfc=",
      "Microsoft.AspNetCore.Components.dll": "sha256-k1IKGoyKelHJ6ztqhjecezgJQCwYgqtdKikn5IzR7tc=",
      "Microsoft.AspNetCore.Components.Forms.dll": "sha256-W7PmOTOYgV938bFIxLMK8dqTAd8XDrRJCdJ1OB9wLiM=",
      "Microsoft.AspNetCore.Components.Web.dll": "sha256-UeiH0LN\/99Lzaf6dzBttcNxRWrhCtKgfZEmXKSL+P7A=",
      "Microsoft.AspNetCore.Components.WebAssembly.dll": "sha256-zv8JpsT97LM1tVf9v\/pfh+NkvpUNwAJKBayvr+sOV9o=",
      "Microsoft.AspNetCore.Cryptography.Internal.dll": "sha256-qvEKQrMxMRYjghAfz7fNse3mq59lZAkKr1QXQARn9jo=",
      "Microsoft.AspNetCore.DataProtection.Abstractions.dll": "sha256-5WvGaHLGBQmy36Y6mUYp9pYXH8o8TuUf2NXH0QwStX8=",
      "Microsoft.AspNetCore.DataProtection.dll": "sha256-4jCqjLTqT95geyl3iC3DTJS+AiW1cjbi1rtTnfABk+o=",
      "Microsoft.AspNetCore.Hosting.Abstractions.dll": "sha256-4VEnr\/VXawxchLjnFr86t8XA5fF3ZLb61F6I54GBAoQ=",
      "Microsoft.AspNetCore.Hosting.Server.Abstractions.dll": "sha256-3FWyABkOEBeAcg6oyNO1PytWU+vm8OBnbxtkWVup0TI=",
      "Microsoft.AspNetCore.Http.Abstractions.dll": "sha256-qFKmKNr9iAZiZxOVvLJBfMhkKfDy1GvY81fHh1hiphU=",
      "Microsoft.AspNetCore.Http.dll": "sha256-rL7yDIoSBIK2HEpXD\/iOhoUrVkI3rsR07sn5BA5ddUg=",
      "Microsoft.AspNetCore.Http.Extensions.dll": "sha256-dsGZ+sGJdrYngMg72CIF31THFtl6ovcKTjtGtj9orn8=",
      "Microsoft.AspNetCore.Http.Features.dll": "sha256-J2xQUZ4BD6tsrQkvGS5HDQfkTGMzmaS76TA9nJrtCpg=",
      "Microsoft.AspNetCore.Metadata.dll": "sha256-slf0GpTQei720kPYr8I3kkJaUMVaSCFb+OTWgZw3Tps=",
      "Microsoft.AspNetCore.WebUtilities.dll": "sha256-D5akJeBd7NNITuzAXxlX7zl2jfsc4uTKyeEKwwNhqoo=",
      "Microsoft.CSharp.dll": "sha256-anS\/3\/KqpgxK9na6HhPBLNrKwEPDkjampWYzoMKq634=",
      "Microsoft.Extensions.Configuration.Abstractions.dll": "sha256-+9Jh2c76i87OHSxAkQCF5CPM42eR3PdWa\/FrgU+IwoQ=",
      "Microsoft.Extensions.Configuration.dll": "sha256-BAOeede\/DIUmhZ+YOhc5zTkAyD4R\/MzjpnWEJr\/lgLM=",
      "Microsoft.Extensions.Configuration.Json.dll": "sha256-MbxbzG2GzywDGen8OXrqfaPkZNcCTaoxCseLZAzKH2A=",
      "Microsoft.Extensions.DependencyInjection.Abstractions.dll": "sha256-\/vJqXLeFrKQacdGBIGMj81kKJh\/nRvids2UX3z6raRA=",
      "Microsoft.Extensions.DependencyInjection.dll": "sha256-R\/3OEDS1Nvp4wF2K221qob719FAI7cU55rBN2sXpg\/g=",
      "Microsoft.Extensions.FileProviders.Abstractions.dll": "sha256-F6YDHpAiWSRRpuFFDowO+66m9yZpmIAo0dpmmeuZG94=",
      "Microsoft.Extensions.Hosting.Abstractions.dll": "sha256-\/GeZD7RNA8nGEyPjYq77dJAkGSlj2HzJnqzM9bRoRJ8=",
      "Microsoft.Extensions.Http.dll": "sha256-BAqrB+uBBT4K\/k7iLAFF+21eoHt6mm3Z0c9WyZjcSBE=",
      "Microsoft.Extensions.Logging.Abstractions.dll": "sha256-RXydlXyIoK1gR0QW11T9j0zoCJjbC3tIOAV5iZBBMZ8=",
      "Microsoft.Extensions.Logging.dll": "sha256-vW+lTN0djmRfCZdNxiKlsQLIpaqPm2jPS2U72uMxetg=",
      "Microsoft.Extensions.ObjectPool.dll": "sha256-UCVqOmu+z9\/M5Wahsgr7zKRWdGQWNvXGWLlEa1gkFuw=",
      "Microsoft.Extensions.Options.dll": "sha256-nAPW3ShbBazJzGKwd3RIgXUiaUeQLSiYtAYweR5\/KMM=",
      "Microsoft.Extensions.Primitives.dll": "sha256-XhRI9GYoT4VIdfrUIdA44W\/3G\/Km3DERCtk+fKoUck0=",
      "Microsoft.Extensions.WebEncoders.dll": "sha256-2t8sbDe7f\/R1bIhxnBPaLHVWwPZcyhKoR8vAkvN\/+Jk=",
      "Microsoft.JSInterop.dll": "sha256-Iq+0ei34aVlFtHtp7s3Xov1QGEFHkHTprNpKwsudNbA=",
      "Microsoft.JSInterop.WebAssembly.dll": "sha256-P\/aA0F4pkO1ASW2eKv8uwrcDL16qB90zC93nhd6kXUo=",
      "Microsoft.Net.Http.Headers.dll": "sha256-P66ftDrXwc6ayND8uYzIk0CPQy1GjNZAPHx9RMhi3V4=",
      "Microsoft.Win32.Registry.dll": "sha256-av4QxE0vx\/riEW07Bz9qXiG5udorSLCjb6vqJWSzLiA=",
      "netstandard.dll": "sha256-YlCcuux+pqc8tTCpk6HLyA9VUbCGqPm1C+qXX6tJhKI=",
      "Newtonsoft.Json.dll": "sha256-IsZJ91\/OW+fHzNqIgEc7Y072ns8z9dGritiSyvR9Wgc=",
      "PaginaToros.Client.dll": "sha256-kM4hPo\/HOygcyd9ZQDEw3uGcWLSYkTdxFvFuvkE9j\/A=",
      "PaginaToros.Shared.dll": "sha256-eR6GJDyH\/aQUT0\/QfviDG\/j3a+ueyoCZDa3KG2zJ4rY=",
      "Radzen.Blazor.dll": "sha256-d5FYbYnR0OiuOlYZfKhRTnUlGeYEwPHi4n6Fmg3xTP4=",
      "System.Buffers.dll": "sha256-ueFVVec+sCdki1ravBAg8Jl7V8GRpFUti9L5w8t7A7Y=",
      "System.Collections.Concurrent.dll": "sha256-whnMqGgTUCSIfmthIDLbfOk+ZHgCDLTI2gjkXWI9vwU=",
      "System.Collections.dll": "sha256-aTlxEt4W8\/VSDuOQylesBCjdTa9Tkoyc1dPMY+dMQ2M=",
      "System.Collections.NonGeneric.dll": "sha256-fWUGZYd+LOTEpgcCbFaZP0NiHnI8GgGo6F7MSMy9EV8=",
      "System.Collections.Specialized.dll": "sha256-QXbRCjX1vRXL+SZgn4V1vr68Yw2VHCA3l7AxyGbGWMQ=",
      "System.ComponentModel.Annotations.dll": "sha256-2xlWRGXboYdWsw\/VHOTIDSSpubsuP56v7UugA+LxA6w=",
      "System.ComponentModel.dll": "sha256-NtZS3wwdfNSEGTSnwpkQ4LFW\/0gck2sSDJJBoMqQsHU=",
      "System.ComponentModel.Primitives.dll": "sha256-Ib4hEJU0NUwkCpoDntZeYu541exsBgui9xbBzv6dfJ0=",
      "System.ComponentModel.TypeConverter.dll": "sha256-bxSsj\/bd4+a66UFn124xEUtPQ7LCS7JN8m2PBhwdBtA=",
      "System.Console.dll": "sha256-P0P4IL3MXz4AvkKo23\/KzPq+wous2\/VVu7Z21RTqPCI=",
      "System.Core.dll": "sha256-vOfCGEeka422p\/BXKcMLtUl3mZOaBq7TGnKe\/qTDElg=",
      "System.Data.Common.dll": "sha256-SikZycdCfgZviBq39kEeRsvrtWNZKyI2rdk\/wmf4uxQ=",
      "System.Diagnostics.TraceSource.dll": "sha256-UUKficIo7JzV15qygT70UGpG3NMag5Qv4BMRrwf6KQI=",
      "System.dll": "sha256-PgXY3KU9eBwBHCfE2uH8Gn3rD9JdUKsLWLUMRQ2L21o=",
      "System.Drawing.dll": "sha256-S9h+8lG76LID6GmRaaJa1t4GZbybJ2yNlw\/sCwY17PE=",
      "System.Drawing.Primitives.dll": "sha256-Fh8kMfIHxVOyjoCXXmhEuxJ6KmJIO2ZIKjU6GvYz6q0=",
      "System.Linq.dll": "sha256-81WZOmD3sQuhh+ICtAGWsW5oQEpRDBDZVHQJkLQPE3k=",
      "System.Linq.Dynamic.Core.dll": "sha256-SetHNtEBbS0VL\/dxzjLcAGfOJQ1aCdalKVL6isWUm2M=",
      "System.Linq.Expressions.dll": "sha256-sn6cJk7EFjul79LcJnUkYLa2UQJbs4qsDBCFIY1qkmc=",
      "System.Linq.Queryable.dll": "sha256-GPelh\/S7+Ns\/F4a4RWrpwCIlrllPlgbc9VpYZMSsUEU=",
      "System.Memory.dll": "sha256-MNG+pnc4zVDppnh55Teb+t+EpE1qIIriVsKb\/jlNbX4=",
      "System.Net.Http.dll": "sha256-YdIsfwQYZvoxMpbKk0BBquNlRQr7MBbpSjKAUDTPcPQ=",
      "System.Net.Http.Json.dll": "sha256-6d9WGXdL5c7NRPVXQmC0Ema\/J8lDbBPSiRFw+fUm2Yc=",
      "System.Net.Primitives.dll": "sha256-a0DmpOcVfmiY1BOpX3toLJwWJrr7WojuSiv9frs8Gdk=",
      "System.Net.Requests.dll": "sha256-d3WIgyb1Xifk6rp8cfzh2x+yFVbEFmEijxYPvypSc4Y=",
      "System.Net.WebSockets.dll": "sha256-00\/OLnzM0aAq7RA\/1zHIVDJbKwsyNa6\/763iBtK09GI=",
      "System.ObjectModel.dll": "sha256-8BCK4z0U2C1PRRxGm2uSVH1b90jHS\/ktnADS1bCaZsg=",
      "System.Private.CoreLib.dll": "sha256-u\/+9FYZplnHr2G0UgdIaqtf34w+xo6BQ275fkm+dUv0=",
      "System.Private.Runtime.InteropServices.JavaScript.dll": "sha256-w1ynMz2JhUuYo9BAoYfOHDgFArIU2hLrDGCVDkbJX6U=",
      "System.Private.Uri.dll": "sha256-y3OM8hhw7VBTa5pVQYKPDOBoqMy98MsN6eliB+09VqE=",
      "System.Private.Xml.dll": "sha256-GJ+teNt\/aRZg4WwjcqB0\/o9xH25Zry3ppcLI5sVWKWk=",
      "System.Private.Xml.Linq.dll": "sha256-Vt4aV8GV9twkhVmlgFrpBGLHC1cgBAmPEZ+NSuG5ywg=",
      "System.Reflection.Emit.dll": "sha256-YE1ZiPSN8r8l2vacitXyxKD2LIdJR9iBDsXjHVfsQHw=",
      "System.Reflection.Emit.ILGeneration.dll": "sha256-r0wozCQRSU0U4p9soCPKi59b9Yl8veWJTwPavRtPcBg=",
      "System.Reflection.Emit.Lightweight.dll": "sha256-RDnT3D9Z+hmk24u57J8M8V0gnoel\/RJkhcRZ18XLW2s=",
      "System.Reflection.Primitives.dll": "sha256-AJl0c2GT4ooTt8j3+8VR0acOMZAW1FMleY2XA6NqfyU=",
      "System.Resources.ResourceManager.dll": "sha256-7PteElipggFJEk1aVo7l33yU2b5b86TkL+C5eCNSvUM=",
      "System.Runtime.CompilerServices.Unsafe.dll": "sha256-++\/3LQd+ToXu08XUd1KsoZ6meagvr+4xDOovhTNSjUQ=",
      "System.Runtime.dll": "sha256-AE+4HJr71EIbIrXVevThiSKygzQjFzkNSMehS8qS6wk=",
      "System.Runtime.Extensions.dll": "sha256-h4EtleDp7r7rVlLe74VI\/LJ4Z0ASNYD7gtOvUmUded8=",
      "System.Runtime.InteropServices.dll": "sha256-JpRxJHhhBh9+mINr8sq8PT8230KaL9\/xFB1lBXeC7i8=",
      "System.Runtime.InteropServices.RuntimeInformation.dll": "sha256-hcaOwT7Dm+aM+szFXo\/TSNrNHAl+J8RhJd0IHHyB1bU=",
      "System.Runtime.Numerics.dll": "sha256-3G9TIT2g+kn+Bd7JsDfIcJfhGtMZhv0aaSHZex22XHw=",
      "System.Runtime.Serialization.Formatters.dll": "sha256-A38fif8tXAHNCLCvJyZf9dI8NjNFDhZLz8P2CLxMwrA=",
      "System.Runtime.Serialization.Primitives.dll": "sha256-Tk6tWFq8xYO4MthZ+UCBCygPYpilrdoVv7FBSXfMQCw=",
      "System.Security.AccessControl.dll": "sha256-DtB8TA11nIhb+ZdqUWsylJgiQl6wOk5bjxXRI6QjlTE=",
      "System.Security.Claims.dll": "sha256-d4R3dbK8nj9wUWnSYvXn+eNXRXo+DX6DMHp2a7E2rAQ=",
      "System.Security.Cryptography.Algorithms.dll": "sha256-zUPFXY\/\/0zR3KqUyLa7OSWyB3D1yIRkLNOekmOMBBuY=",
      "System.Security.Cryptography.Csp.dll": "sha256-5\/PH5d8lLQE5bcP6ccFHybNrmogRV3gx3RrvjgnhYxM=",
      "System.Security.Cryptography.Encoding.dll": "sha256-OXvsQZL5hcP0hFW7IFC\/39SwQIUwfN5MDvBjiBYTKR0=",
      "System.Security.Cryptography.Pkcs.dll": "sha256-N9DCLv4KncFaeu+Mm\/p0z9Tpm18+0BHixwnRgbTu9aI=",
      "System.Security.Cryptography.Primitives.dll": "sha256-fGBaelTorN7vATMkyAhy3NgkFcnWNgvt7RCNADi68sQ=",
      "System.Security.Cryptography.X509Certificates.dll": "sha256-v3a4\/zHQvLwiebV\/GeH0hc1A1YWhDwUlxkFnbM+pUF4=",
      "System.Security.Cryptography.Xml.dll": "sha256-7+zqG+1zKg9E8FY+goqBhYQMEMi6XJ5kjHHxKwjKvwk=",
      "System.Security.Permissions.dll": "sha256-jKmbTXbScI0nBA2C2HyfK+smmH4oMUauprwnXZLolc4=",
      "System.Security.Principal.Windows.dll": "sha256-6IqdbVAcgTsk\/qRuWAMelXrpGsL4MwAUo1p+m8BR6ZU=",
      "System.Text.Encoding.Extensions.dll": "sha256-fCGRVLodphyqGD+p5dKmH2BZ2yr3EAW5tvu0AYGnOns=",
      "System.Text.Encodings.Web.dll": "sha256-b9mld80iG4fGN1z+aY6p6PePHHypDUZmfpbzGOQHtXU=",
      "System.Text.Json.dll": "sha256-gYuR1LBrkCP6u3L68Ju0HJtfu43\/0\/GMflpyLjtnJhw=",
      "System.Text.RegularExpressions.dll": "sha256-9Wa65p5ZABc9w9dQQwaJgI1rldmWKK4ErlfWdS2TvMo=",
      "System.Threading.dll": "sha256-PedDJ6Yg11tmNE7M5nFa66ABXRIZ6Xt8PAglFY77Ohw=",
      "System.Web.HttpUtility.dll": "sha256-nV2clkNrH5pTLpedT\/kZ6mvwpSuzWPVEX0nQ9WxAiUA=",
      "System.Xml.Linq.dll": "sha256-Nf5V8req6wlZGuly+iEXPP1hsqC4KQAfPO1s8y8q4uE=",
      "System.Xml.ReaderWriter.dll": "sha256-4rTZlFnKoEExsLR\/9ZTDCWnf39cTnbXJojGFm4qtrYQ=",
      "System.Xml.XDocument.dll": "sha256-NJrxW2hwEkNMZv+IZVq2H8w8kS+h3YWm3Mr099Aq8Wc="
    },
    "extensions": null,
    "lazyAssembly": null,
    "libraryInitializers": null,
    "pdb": null,
    "runtime": {
      "dotnet.6.0.20.mdd40pgpjn.js": "sha256-iXtnf0CK+zdIWjR0cpE38tWChIpNC6sO+aSQAW+aBQU=",
      "dotnet.timezones.blat": "sha256-+yOgACAcx7FbhJ+C10DNEHthQe31fTigZ01WEzRwWf0=",
      "dotnet.wasm": "sha256-2iXF3JXnKI9gG39mZrRKGis+QcI4qawrgcqz9fUi6gs=",
      "icudt.dat": "sha256-Zuq0dWAsBm6\/2lSOsz7+H9PvFaRn61KIXHMMwXDfvyE=",
      "icudt_CJK.dat": "sha256-WPyI4hWDPnOw62Nr27FkzGjdbucZnQD+Ph+GOPhAedw=",
      "icudt_EFIGS.dat": "sha256-4RwaPx87Z4dvn77ie\/ro3\/QzyS+\/gGmO3Y\/0CSAXw4k=",
      "icudt_no_CJK.dat": "sha256-OxylFgLJlFqixsj+nLxYVsv5iZLvfIKMpLf9hrWaChA="
    },
    "runtimeAssets": {
      "dotnet.wasm": {
        "behavior": "dotnetwasm",
        "hash": "sha256-2iXF3JXnKI9gG39mZrRKGis+QcI4qawrgcqz9fUi6gs="
      }
    },
    "satelliteResources": null
  }
}